Model,PSNR_Mean,PSNR_Std,SSIM_Mean,SSIM_Std
MTL U-Net,19.275116,5.203252,0.5730146,0.29894122
Baseline U-Net,9.161453,2.7259927,0.2169194,0.14486581
CAE,12.668576,0.0074511897,0.12800458,0.0021683855
DnCNN,18.488214,5.97237,0.5489933,0.3228884
